,Company name,Registered number,"Operating revenue (Turnover)
th GBP 2021",top_250_2021,top_500_2021,dup_2021
1,SHELL PLC,4366849,"201,431,000",TRUE,TRUE,FALSE
2,BP P.L.C.,102498,"121,302,000",TRUE,TRUE,FALSE
3,TESCO PLC,445790,"57,887,000",TRUE,TRUE,FALSE
4,GLENCORE ENERGY UK LTD.,4542769,"48,498,245",TRUE,TRUE,FALSE
5,RIO TINTO PLC,719885,"46,908,000",TRUE,TRUE,FALSE
6,UNILEVER PLC,41424,"44,078,000",TRUE,TRUE,FALSE
7,BHP GROUP (UK) LTD,3196209,"44,047,947",TRUE,TRUE,FALSE
8,TESCO STORES LIMITED,519500,"42,451,000",TRUE,TRUE,FALSE
9,LLOYDS BANKING GROUP PLC,SC095000,"37,444,000",TRUE,TRUE,FALSE
10,HSBC HOLDINGS PLC,617987,"37,293,000",TRUE,TRUE,FALSE
11,VODAFONE GROUP PUBLIC LIMITED COMPANY,1833679,"37,284,000",TRUE,TRUE,FALSE
12,LEGAL AND GENERAL ASSURANCE (PENSIONS MANAGEMENT) LIMITED,1006112,"34,977,400",TRUE,TRUE,FALSE
13,UNIPEC U.K. CO. LIMITED,3138679,"34,386,933",TRUE,TRUE,FALSE
14,GSK PLC,3888792,"34,114,000",TRUE,TRUE,FALSE
15,AVIVA PLC,2468686,"33,184,000",TRUE,TRUE,FALSE
16,IMPERIAL BRANDS PLC,3236483,"32,791,000",TRUE,TRUE,FALSE
17,ANGLO AMERICAN PLC,3564138,"30,699,000",TRUE,TRUE,FALSE
18,J SAINSBURY PLC,185647,"29,048,000",TRUE,TRUE,FALSE
19,ASTRAZENECA PLC,2723534,"27,643,000",TRUE,TRUE,FALSE
20,BRITISH AMERICAN TOBACCO P.L.C.,3407696,"25,684,000",TRUE,TRUE,FALSE
21,SAINSBURY'S SUPERMARKETS LTD,3261722,"23,823,000",TRUE,TRUE,FALSE
22,ASDA GROUP LIMITED,1396513,"23,488,500",TRUE,TRUE,FALSE
23,ASDA STORES LIMITED,464777,"23,473,900",TRUE,TRUE,FALSE
24,BARCLAYS PLC,48839,"21,940,000",TRUE,TRUE,FALSE
25,BRITISH TELECOMMUNICATIONS PUBLIC LIMITED COMPANY,1800000,"21,331,000",TRUE,TRUE,TRUE
26,BT GROUP PLC,4190816,"21,331,000",TRUE,TRUE,TRUE
27,JAGUAR LAND ROVER AUTOMOTIVE PLC,6477691,"19,731,000",TRUE,TRUE,FALSE
28,PRUDENTIAL PUBLIC LIMITED COMPANY,1397169,"19,577,000",TRUE,TRUE,FALSE
29,BAE SYSTEMS PLC,1470151,"19,521,000",TRUE,TRUE,FALSE
30,EG GROUP LIMITED,9826582,"19,518,322",TRUE,TRUE,TRUE
31,EG GROUP HOLDINGS LIMITED,10440046,"19,518,322",TRUE,TRUE,TRUE
32,WM MORRISON SUPERMARKETS LIMITED,358949,"13,483,000",TRUE,TRUE,FALSE
33,COMPASS GROUP PLC,4083914,"17,908,000",TRUE,TRUE,FALSE
34,LLOYDS BANK PLC,2065,"17,499,000",TRUE,TRUE,FALSE
35,JAGUAR LAND ROVER LIMITED,1672070,"16,473,000",TRUE,TRUE,FALSE
36,JOHNSON MATTHEY PLC,33774,"15,673,000",TRUE,TRUE,FALSE
37,GREENERGY FUELS HOLDINGS LIMITED,7318726,"15,552,612",TRUE,TRUE,FALSE
38,BELLIS FINCO PLC,12855336,"20,710,400",TRUE,TRUE,FALSE
39,SINOCHEM INTERNATIONAL OIL (LONDON) CO; LIMITED,2553758,"15,399,464",TRUE,TRUE,FALSE
40,INEOS INDUSTRIES LIMITED,6959146,"14,830,140",TRUE,TRUE,FALSE
41,NATIONAL GRID PLC,4031152,"14,779,000",TRUE,TRUE,FALSE
42,CENTRICA PLC,3033654,"14,744,000",TRUE,TRUE,FALSE
43,GREENERGY FUELS LIMITED,4058825,"14,539,988",TRUE,TRUE,FALSE
44,WITTINGTON INVESTMENTS LIMITED,366054,"14,079,000",TRUE,TRUE,FALSE
45,ASSOCIATED BRITISH FOODS PLC,293262,"13,884,000",TRUE,TRUE,FALSE
46,ALDI STORES LIMITED,2321869,"13,645,779",TRUE,TRUE,FALSE
47,RECKITT BENCKISER GROUP PLC,6270876,"13,234,000",TRUE,TRUE,FALSE
48,PHILLIPS 66 LIMITED,529086,"13,113,180",TRUE,TRUE,FALSE
49,WPP PLC,JE111714,"12,801,100",TRUE,TRUE,TRUE
50,WPP JUBILEE LIMITED,8286875,"12,801,100",TRUE,TRUE,TRUE
51,E.ON UK ENERGY MARKETS LIMITED,9884706,"12,778,000",TRUE,TRUE,FALSE
52,DIAGEO PLC,23307,"12,733,000",TRUE,TRUE,FALSE
53,INTERNATIONAL DISTRIBUTIONS SERVICES PLC,8680755,"12,638,000",TRUE,TRUE,FALSE
54,INEOS QUATTRO HOLDINGS LIMITED,9922632,"12,550,177",TRUE,TRUE,FALSE
55,KINGFISHER PLC,1664812,"12,343,000",TRUE,TRUE,FALSE
56,JOHN SWIRE & SONS LIMITED,133143,"12,083,000",TRUE,TRUE,FALSE
57,RIO TINTO INTERNATIONAL HOLDINGS LIMITED,425864,"11,846,188",TRUE,TRUE,FALSE
58,ST. JAMES'S PLACE UK PLC,2628062,"11,674,300",TRUE,TRUE,FALSE
59,COCA-COLA EUROPACIFIC PARTNERS PLC,9717350,"11,567,490",TRUE,TRUE,FALSE
60,CHANEL LIMITED,203669,"11,553,635",TRUE,TRUE,FALSE
61,GREENERGY GROUP HOLDINGS III LIMITED,10673871,"11,489,814",TRUE,TRUE,FALSE
62,CO-OPERATIVE GROUP LIMITED,IP00525R,"11,472,000",TRUE,TRUE,FALSE
63,ROLLS-ROYCE PLC,1003142,"11,218,000",TRUE,TRUE,TRUE
64,ROLLS-ROYCE HOLDINGS PLC,7524813,"11,218,000",TRUE,TRUE,TRUE
65,JOHN LEWIS PLC,233462,"10,771,800",TRUE,TRUE,TRUE
66,JOHN LEWIS PARTNERSHIP PLC,238937,"10,771,800",TRUE,TRUE,TRUE
67,SHELL GLOBAL LNG LIMITED,1287989,"10,372,210",TRUE,TRUE,FALSE
68,CURRYS PLC,7105905,"10,344,000",TRUE,TRUE,FALSE
69,ASTRAZENECA UK LIMITED,3674842,"10,303,000",TRUE,TRUE,FALSE
70,BUNZL PUBLIC LIMITED COMPANY,358948,"10,285,100",TRUE,TRUE,FALSE
71,UNIPER UK LIMITED,2796628,"10,037,000",TRUE,TRUE,FALSE
72,ANGLO PLATINUM MARKETING LIMITED,6726161,"9,966,393",TRUE,TRUE,FALSE
73,EVRAZ PLC,7784342,"9,963,000",TRUE,TRUE,FALSE
74,SKY UK LIMITED,2906991,"9,815,000",TRUE,TRUE,FALSE
75,CISCO INTERNATIONAL LIMITED,6640658,"9,785,933",TRUE,TRUE,FALSE
76,J.P. MORGAN CAPITAL HOLDINGS LIMITED,3871969,"9,630,615",TRUE,TRUE,FALSE
77,NETWORK RAIL INFRASTRUCTURE LIMITED,2904587,"9,618,000",TRUE,TRUE,TRUE
78,NETWORK RAIL LIMITED,4402220,"9,618,000",TRUE,TRUE,TRUE
79,VOLKSWAGEN GROUP UNITED KINGDOM LIMITED,514809,"9,448,700",TRUE,TRUE,FALSE
80,FORD MOTOR COMPANY LIMITED,235446,"9,303,000",TRUE,TRUE,FALSE
81,RIO TINTO AUSTRALIAN HOLDINGS LIMITED,464176,"9,282,654",TRUE,TRUE,TRUE
82,RIO TINTO SOUTH EAST ASIA LIMITED,3699290,"9,282,654",TRUE,TRUE,TRUE
83,AVIVA INTERNATIONAL INSURANCE LIMITED,21487,"9,166,000",TRUE,TRUE,FALSE
84,MARKS AND SPENCER GROUP P.L.C.,4256886,"9,155,700",TRUE,TRUE,FALSE
85,BRITISH UNITED PROVIDENT ASSOCIATION LIMITED(THE),432511,"9,125,000",TRUE,TRUE,TRUE
86,BUPA FINANCE PLC.,2779134,"9,125,000",TRUE,TRUE,TRUE
87,BRITISH GAS TRADING LIMITED,3078711,"9,032,000",TRUE,TRUE,FALSE
88,VEDANTA RESOURCES LIMITED,4740415,"8,870,223",TRUE,TRUE,FALSE
89,ARAMCO TRADING LIMITED,11912176,"8,828,750",TRUE,TRUE,FALSE
90,EDF ENERGY HOLDINGS LIMITED,6930266,"8,720,000",TRUE,TRUE,FALSE
91,ROYAL MAIL GROUP LIMITED,4138203,"8,658,000",TRUE,TRUE,FALSE
92,GOLDMAN SACHS INTERNATIONAL,2263951,"8,432,329",TRUE,TRUE,FALSE
93,VALERO ENERGY LTD,8566216,"8,335,300",TRUE,TRUE,FALSE
94,COGNIZANT WORLDWIDE LIMITED,7195160,"8,297,627",TRUE,TRUE,FALSE
95,SVF HOLDINGS (UK) LLP,OC416165,"8,239,475",TRUE,TRUE,FALSE
96,BANK OF SCOTLAND PLC,SC327000,"7,938,000",TRUE,TRUE,FALSE
97,EDF ENERGY CUSTOMERS LIMITED,2228297,"7,927,000",TRUE,TRUE,FALSE
98,BLACKROCK LIFE LIMITED,2223202,"7,779,660",TRUE,TRUE,FALSE
99,LIDL GREAT BRITAIN LIMITED,2816429,"7,710,434",TRUE,TRUE,FALSE
100,INCHCAPE PLC,609782,"7,640,100",TRUE,TRUE,FALSE
101,LIBERTY GLOBAL PLC,8379990,"7,621,085",TRUE,TRUE,FALSE
102,SAFEWAY STORES LIMITED,746956,"5,486,000",TRUE,TRUE,FALSE
103,RELX PLC,77536,"7,244,000",TRUE,TRUE,FALSE
104,HSBC UK BANK PLC,9928412,"7,239,000",TRUE,TRUE,FALSE
105,BALFOUR BEATTY PLC,395826,"7,185,000",TRUE,TRUE,FALSE
106,ANGLO AMERICAN MARKETING LIMITED,405724,"7,012,483",TRUE,TRUE,FALSE
107,EE LIMITED,2382161,"6,971,000",TRUE,TRUE,FALSE
108,CUSHMAN & WAKEFIELD PLC,11414195,"6,936,096",TRUE,TRUE,FALSE
109,ROYAL INTERNATIONAL INSURANCE HOLDINGS LIMITED,111478,"6,919,700",TRUE,TRUE,FALSE
110,MELROSE INDUSTRIES PLC,9800044,"6,883,000",TRUE,TRUE,FALSE
111,WAITROSE LIMITED,99405,"6,875,000",TRUE,TRUE,FALSE
112,DELOITTE NSE LLP,OC417204,"6,857,000",TRUE,TRUE,FALSE
113,SSE PLC,SC117119,"6,826,400",TRUE,TRUE,FALSE
114,LONDON STOCK EXCHANGE GROUP PLC,5369106,"6,740,000",TRUE,TRUE,FALSE
115,COMPUTACENTER PLC,3110569,"6,725,800",TRUE,TRUE,FALSE
116,MONDI PLC,6209386,"6,491,000",TRUE,TRUE,FALSE
117,PHOENIX GROUP HOLDINGS PLC,11606773,"6,377,000",TRUE,TRUE,FALSE
118,SEFE MARKETING & TRADING LIMITED,3768267,"6,291,535",TRUE,TRUE,FALSE
119,"ESSO PETROLEUM COMPANY,LIMITED",26538,"6,268,000",TRUE,TRUE,FALSE
120,BAE SYSTEMS (OPERATIONS) LIMITED,1996687,"6,253,000",TRUE,TRUE,FALSE
121,VIVO ENERGY LIMITED,11250655,"6,249,000",TRUE,TRUE,FALSE
122,SONY INTERACTIVE ENTERTAINMENT EUROPE LIMITED,3277793,"6,199,796",TRUE,TRUE,FALSE
123,JD SPORTS FASHION PLC,1888425,"6,167,300",TRUE,TRUE,FALSE
124,VMED O2 UK LIMITED,12580944,"6,158,200",TRUE,TRUE,TRUE
125,EDF ENERGY LIMITED,2366852,"6,151,000",TRUE,TRUE,FALSE
126,AMAZON UK SERVICES LTD.,3223028,"6,092,210",TRUE,TRUE,FALSE
127,DS SMITH PLC,1377658,"5,976,000",TRUE,TRUE,FALSE
128,GALLAHER LIMITED,1501573,"5,963,700",TRUE,TRUE,FALSE
129,STANDARD CHARTERED PLC,966425,"5,839,000",TRUE,TRUE,FALSE
130,BARCLAYS EXECUTION SERVICES LIMITED,1767980,"5,831,559",TRUE,TRUE,FALSE
131,GERALD GROUP LIMITED,11124974,"5,828,033",TRUE,TRUE,FALSE
132,BOOTS UK LIMITED,928555,"5,812,000",TRUE,TRUE,FALSE
133,SYTNER GROUP LIMITED,2883766,"5,797,731",TRUE,TRUE,FALSE
134,TATA STEEL EUROPE LIMITED,5957565,"5,773,000",TRUE,TRUE,FALSE
135,VMED O2 UK HOLDINGS LIMITED,13047827,"6,158,200",TRUE,TRUE,TRUE
136,HAYS PLC,2150950,"5,648,400",TRUE,TRUE,FALSE
137,ANTOFAGASTA PLC,1627889,"5,518,691",TRUE,TRUE,FALSE
138,TELEFONICA UK LIMITED,1743099,"5,485,000",TRUE,TRUE,FALSE
139,VERTEX PHARMACEUTICALS (EUROPE) LIMITED,2907620,"5,393,689",TRUE,TRUE,FALSE
140,VODAFONE LIMITED,1471587,"5,384,000",TRUE,TRUE,FALSE
141,SCOTTISH POWER UK PLC,SC117120,"5,349,700",TRUE,TRUE,TRUE
142,SCOTTISH POWER LIMITED,SC193794,"5,349,700",TRUE,TRUE,TRUE
143,MARTIN-BROWER UK LTD,1601427,"5,267,250",TRUE,TRUE,FALSE
144,FIL LIFE INSURANCE LIMITED,3406905,"5,253,847",TRUE,TRUE,FALSE
145,SHELL U.K. LIMITED,140141,"5,101,000",TRUE,TRUE,FALSE
146,E D & F MAN HOLDINGS LIMITED,3909548,"5,090,584",TRUE,TRUE,FALSE
147,DRAX GROUP PLC,5562053,"5,088,000",TRUE,TRUE,FALSE
148,IMPERIAL TOBACCO LIMITED,1860181,"5,084,000",TRUE,TRUE,FALSE
149,INTEL CORPORATION (UK) LIMITED,1134945,"5,066,575",TRUE,TRUE,FALSE
150,ASHTEAD GROUP PUBLIC LIMITED COMPANY,1807982,"5,031,100",TRUE,TRUE,FALSE
151,SONY INTERACTIVE ENTERTAINMENT NETWORK EUROPE LIMITED,6020283,"4,879,674",TRUE,TRUE,FALSE
152,M&G PLC,11444019,"4,863,000",TRUE,TRUE,FALSE
153,MICROSOFT LIMITED,1624297,"4,861,627",TRUE,TRUE,FALSE
154,BARRATT DEVELOPMENTS P L C,604574,"4,811,700",TRUE,TRUE,FALSE
155,CURRYS GROUP LIMITED,504877,"4,764,000",TRUE,TRUE,FALSE
156,BDW TRADING LIMITED,3018173,"4,741,476",TRUE,TRUE,FALSE
157,ARNOLD CLARK AUTOMOBILES LIMITED,SC036386,"4,741,200",TRUE,TRUE,FALSE
158,TECHNIPFMC PLC,9909709,"4,737,958",TRUE,TRUE,FALSE
159,JOHN WOOD GROUP PLC,SC036219,"4,728,576",TRUE,TRUE,FALSE
160,AUSURUS GROUP LTD,9123549,"4,695,000",TRUE,TRUE,FALSE
161,QUILTER PLC,6404270,"4,686,000",TRUE,TRUE,FALSE
162,BMW (UK) LIMITED,1378137,"4,682,659",TRUE,TRUE,FALSE
163,EUROPEAN METAL RECYCLING LIMITED,2954623,"4,681,000",TRUE,TRUE,FALSE
164,ARGOS LIMITED,1081551,"4,676,925",TRUE,TRUE,FALSE
165,DRAX POWER LIMITED,4883589,"4,668,000",TRUE,TRUE,FALSE
166,ESSAR OIL (UK) LIMITED,7071400,"5,540,645",TRUE,TRUE,FALSE
167,FIRSTGROUP PLC,SC157176,"4,641,800",TRUE,TRUE,FALSE
168,STALLION HOLDINGS LIMITED,10483662,"4,626,660",TRUE,TRUE,FALSE
169,TRAVIS PERKINS PLC,824821,"4,586,700",TRUE,TRUE,FALSE
170,DYSON TECHNOLOGY LIMITED,1959090,"4,566,600",TRUE,TRUE,FALSE
171,PHOENIX LIFE LIMITED,1016269,"4,523,000",TRUE,TRUE,FALSE
172,MERRILL LYNCH INTERNATIONAL,2312079,"4,518,322",TRUE,TRUE,FALSE
173,IMAGINATION INDUSTRIES LTD,6890468,"4,513,000",TRUE,TRUE,TRUE
174,OVO GROUP LTD,8862063,"4,513,000",TRUE,TRUE,TRUE
175,OVO FINANCE LTD,10722770,"4,492,000",TRUE,TRUE,FALSE
176,MOTABILITY OPERATIONS LIMITED,1373876,"4,490,600",TRUE,TRUE,FALSE
177,MOTABILITY OPERATIONS GROUP PLC,6541091,"4,449,500",TRUE,TRUE,FALSE
178,RWE GENERATION UK PLC,3892782,"4,433,000",TRUE,TRUE,FALSE
179,SERCO GROUP PLC,2048608,"4,424,600",TRUE,TRUE,FALSE
180,ALLIANCE HEALTHCARE (DISTRIBUTION) LIMITED,3446039,"4,415,000",TRUE,TRUE,FALSE
181,J.C.B. SERVICE,564955,"4,393,500",TRUE,TRUE,FALSE
182,BP GAS MARKETING LIMITED,908982,"4,353,130",TRUE,TRUE,FALSE
183,TAYLOR WIMPEY PLC,296805,"4,284,900",TRUE,TRUE,FALSE
184,TAYLOR WIMPEY UK LIMITED,1392762,"4,207,000",TRUE,TRUE,FALSE
185,BP OIL UK LIMITED,446915,"4,190,000",TRUE,TRUE,FALSE
186,BABCOCK INTERNATIONAL GROUP PLC,2342138,"4,182,700",TRUE,TRUE,FALSE
187,ESSAR ENERGY LIMITED,7108619,"4,173,743",TRUE,TRUE,FALSE
188,CD&R FIREFLY 4 LIMITED,9547863,"4,116,300",TRUE,TRUE,TRUE
189,CD&R FIREFLY HOLDCO LIMITED,9548683,"4,116,300",TRUE,TRUE,TRUE
190,B & M RETAIL LIMITED,1357507,"4,085,024",TRUE,TRUE,FALSE
191,THE GO-AHEAD GROUP LIMITED,2100855,"4,058,500",TRUE,TRUE,FALSE
192,LOOKERS PLC,111876,"4,050,700",TRUE,TRUE,FALSE
193,SCOTTISHPOWER ENERGY RETAIL LIMITED,SC190287,"4,009,400",TRUE,TRUE,FALSE
194,GLAXOSMITHKLINE HOLDINGS LIMITED,5647873,"4,000,000",TRUE,TRUE,FALSE
195,SCOTTISH EQUITABLE PLC,SC144517,"3,966,400",TRUE,TRUE,FALSE
196,VIIV HEALTHCARE TRADING SERVICES UK LIMITED,6982415,"3,963,733",TRUE,TRUE,FALSE
197,PRICEWATERHOUSECOOPERS LLP,OC303525,"3,955,000",TRUE,TRUE,FALSE
198,CONCORD RESOURCES LIMITED,9788959,"3,951,862",TRUE,TRUE,FALSE
199,HONDA MOTOR EUROPE LIMITED,857969,"3,928,370",TRUE,TRUE,FALSE
200,NISSAN MOTOR MANUFACTURING (UK) LIMITED,1806912,"3,928,221",TRUE,TRUE,FALSE
201,AVIVA GROUP HOLDINGS LIMITED,1555746,"3,912,000",TRUE,TRUE,FALSE
202,ASOS PLC,4006623,"3,910,500",TRUE,TRUE,FALSE
203,ASOS.COM LIMITED,3584121,"3,909,322",TRUE,TRUE,FALSE
204,EXPERIAN PLC,JE93905,"3,893,000",TRUE,TRUE,FALSE
205,BOOKER LIMITED,197380,"3,889,300",TRUE,TRUE,FALSE
206,SCOTTISHPOWER ENERGY MANAGEMENT LIMITED,SC215843,"3,888,800",TRUE,TRUE,FALSE
207,GLAXOSMITHKLINE CONSUMER TRADING SERVICES LIMITED,8114550,"3,869,073",TRUE,TRUE,FALSE
208,PENSION INSURANCE CORPORATION PLC,5706720,"3,856,000",TRUE,TRUE,TRUE
209,PENSION INSURANCE CORPORATION GROUP LIMITED,9740110,"3,856,000",TRUE,TRUE,TRUE
210,SMITH & NEPHEW PLC,324357,"3,850,000",TRUE,TRUE,FALSE
211,DENTSU INTERNATIONAL LIMITED,1403668,"3,832,400",TRUE,TRUE,FALSE
212,ENTAIN PLC,IM004685V,"3,830,000",TRUE,TRUE,FALSE
213,LANNIS LIMITED,7875222,"3,776,900",TRUE,TRUE,FALSE
214,MASH HOLDINGS LIMITED,6861426,"3,770,000",TRUE,TRUE,FALSE
215,TOTALENERGIES GAS & POWER LIMITED,2172239,"3,750,989",TRUE,TRUE,FALSE
216,ICELAND FOODS LIMITED,1107406,"3,715,300",TRUE,TRUE,FALSE
217,BRITISH AIRWAYS PLC,1777777,"3,693,000",TRUE,TRUE,FALSE
218,BALFOUR BEATTY GROUP LIMITED,101073,"3,669,000",TRUE,TRUE,FALSE
219,FRASERS GROUP PLC,6035106,"3,625,300",TRUE,TRUE,FALSE
220,PERSIMMON PUBLIC LIMITED COMPANY,1818486,"3,610,500",TRUE,TRUE,FALSE
221,B&Q LIMITED,973387,"3,594,500",TRUE,TRUE,FALSE
222,EYGS LLP,OC301032,"3,594,400",TRUE,TRUE,FALSE
223,COSTCO UK HOLDINGS LIMITED,3934833,"3,581,800",TRUE,TRUE,FALSE
224,SAMSUNG ELECTRONICS (UK) LIMITED,3086621,"3,569,195",TRUE,TRUE,FALSE
225,INOVYN LIMITED,8696245,"3,551,521",TRUE,TRUE,FALSE
226,NEXT PLC,4412362,"3,534,400",TRUE,TRUE,FALSE
227,BP EXPLORATION COMPANY LIMITED,SC000792,"3,478,132",TRUE,TRUE,FALSE
228,WESTCOAST GROUP HOLDINGS LIMITED,13165860,"3,469,708",TRUE,TRUE,FALSE
229,QUILTER LIFE & PENSIONS LIMITED,4163431,"3,468,300",TRUE,TRUE,FALSE
230,ITV PLC,4967001,"3,453,000",TRUE,TRUE,FALSE
231,PENDRAGON PLC,2304195,"3,449,900",TRUE,TRUE,FALSE
232,J.C. BAMFORD EXCAVATORS LIMITED,561597,"3,438,300",TRUE,TRUE,FALSE
233,VIRGIN MEDIA LIMITED,2591237,"3,431,257",TRUE,TRUE,FALSE
234,LIFE TECHNOLOGIES LIMITED,SC083107,"3,428,083",TRUE,TRUE,FALSE
235,PEARSON PLC,53723,"3,428,000",TRUE,TRUE,FALSE
236,COSTCO WHOLESALE UK LIMITED,2635489,"3,353,554",TRUE,TRUE,FALSE
237,INOVYN EUROPE LIMITED,10398354,"3,340,057",TRUE,TRUE,FALSE
238,T. J. MORRIS LIMITED,1505036,"3,338,042",TRUE,TRUE,FALSE
239,CONOCOPHILLIPS (U.K.) MARKETING AND TRADING LIMITED,11738816,"3,291,602",TRUE,TRUE,FALSE
240,AAH PHARMACEUTICALS LIMITED,123458,"3,278,990",TRUE,TRUE,FALSE
241,KIER GROUP PLC,2708030,"3,261,000",TRUE,TRUE,FALSE
242,AIRBUS OPERATIONS LIMITED,3468788,"3,256,000",TRUE,TRUE,FALSE
243,MERCEDES-BENZ CARS UK LIMITED,2448457,"3,241,653",TRUE,TRUE,FALSE
244,JOINEDUP GROUP LIMITED,9839384,"2,149,317",TRUE,TRUE,FALSE
245,MORGAN SINDALL GROUP PLC,521970,"3,212,800",TRUE,TRUE,FALSE
246,RSA INSURANCE GROUP LIMITED,2339826,"3,207,000",TRUE,TRUE,FALSE
247,CAPITA PLC,2081330,"3,182,500",TRUE,TRUE,FALSE
248,BRITISH AMERICAN TOBACCO EXPORTS LIMITED,5203113,"3,175,321",TRUE,TRUE,FALSE
249,THE FOOTBALL ASSOCIATION PREMIER LEAGUE LIMITED,2719699,"3,157,267",TRUE,TRUE,FALSE
250,GLAXOSMITHKLINE SERVICES UNLIMITED,1047315,"3,137,000",TRUE,TRUE,FALSE
251,BP (ABU DHABI) LIMITED,735658,"3,129,699",TRUE,TRUE,FALSE
252,BELLWAY P L C,1372603,"3,122,500",TRUE,TRUE,FALSE
253,BELLWAY HOMES LIMITED,670176,"3,119,600",TRUE,TRUE,FALSE
254,WESTCOAST LIMITED,1816587,"3,096,804",TRUE,TRUE,FALSE
255,DR. MARTENS PLC,12960219,"773,000",TRUE,FALSE,FALSE
256,PERSIMMON HOMES LIMITED,4108747,"3,064,460",TRUE,TRUE,FALSE
257,CHENIERE MARKETING INTERNATIONAL LLP,OC389850,"3,047,984",TRUE,TRUE,FALSE
258,RIGBY GROUP (RG) PLC,3437118,"3,023,402",TRUE,TRUE,FALSE
259,WINSCRIBE EUROPE LIMITED,1792924,"3,022,000",TRUE,TRUE,FALSE
260,MEDICLINIC INTERNATIONAL PLC,8338604,"2,995,000",TRUE,TRUE,FALSE
261,DELL CORPORATION LIMITED,2081369,"2,989,696",TRUE,TRUE,FALSE
262,VISA EUROPE LIMITED,5139966,"2,966,194",TRUE,TRUE,FALSE
263,SCHRODERS PLC,3909886,"2,959,500",TRUE,TRUE,FALSE
264,U K INSURANCE LIMITED,1179980,"2,957,400",FALSE,TRUE,TRUE
265,DIRECT LINE INSURANCE GROUP PLC,2280426,"2,957,400",FALSE,TRUE,TRUE
266,RENTOKIL INITIAL PLC,5393279,"2,956,600",FALSE,TRUE,FALSE
267,EXXONMOBIL GAS MARKETING EUROPE LIMITED,2517230,"2,942,000",FALSE,TRUE,FALSE
268,ROYAL & SUN ALLIANCE INSURANCE LIMITED,93792,"2,907,000",FALSE,TRUE,FALSE
269,NATWEST GROUP PLC,SC045551,"2,898,000",FALSE,TRUE,FALSE
270,DATATEC PLC,7817963,"2,893,957",FALSE,TRUE,FALSE
271,BMW (UK) MANUFACTURING LIMITED,3950868,"2,884,019",FALSE,TRUE,FALSE
272,AMAZON DIGITAL UK LIMITED,6528297,"2,863,093",FALSE,TRUE,FALSE
273,OCEAN PARTNERS HOLDINGS LIMITED,5171663,"2,843,143",FALSE,TRUE,FALSE
274,AIRTEL AFRICA PLC,11462215,"2,832,000",FALSE,TRUE,FALSE
275,SENSATA TECHNOLOGIES HOLDING PLC,10900776,"2,822,699",FALSE,TRUE,FALSE
276,BET365 GROUP LIMITED,4241161,"2,817,904",FALSE,TRUE,FALSE
277,CHEMCHINA UK LIMITED,9385489,"2,812,561",FALSE,TRUE,FALSE
278,TATE & LYLE PUBLIC LIMITED COMPANY,76535,"2,807,000",FALSE,TRUE,FALSE
279,INTERTEK GROUP PLC,4267576,"2,786,300",FALSE,TRUE,FALSE
280,INTEGRALIFE UK LIMITED,798365,"2,774,831",FALSE,TRUE,FALSE
281,HILTON FOOD GROUP PLC,6165540,"2,774,036",FALSE,TRUE,FALSE
282,SVF INVESTMENTS (UK) LIMITED,10726292,"2,761,328",FALSE,TRUE,FALSE
283,DHL SUPPLY CHAIN LIMITED,528867,"2,756,977",FALSE,TRUE,FALSE
284,ERNST & YOUNG LLP,OC300001,"2,754,000",FALSE,TRUE,FALSE
285,E.ON NEXT ENERGY LIMITED,3782443,"2,740,993",FALSE,TRUE,FALSE
286,SPECSAVERS OPTICAL SUPERSTORES LIMITED,1721624,"2,738,227",FALSE,TRUE,FALSE
287,MARLOWE HOLDINGS LIMITED,7111792,"2,737,823",FALSE,TRUE,FALSE
288,ENDEAVOUR MINING PLC,13280545,"2,052,379",FALSE,TRUE,FALSE
289,IBM UNITED KINGDOM LIMITED,741598,"2,728,000",FALSE,TRUE,FALSE
290,DELOITTE LLP,OC303675,"2,713,000",FALSE,TRUE,FALSE
291,QHG TRADING LLP,OC414946,"2,711,769",FALSE,TRUE,FALSE
292,VOLKSWAGEN FINANCIAL SERVICES (UK) LIMITED,2835230,"2,701,918",FALSE,TRUE,FALSE
293,RICOH EUROPE HOLDINGS PLC,6273215,"2,701,300",FALSE,TRUE,FALSE
294,VIIV HEALTHCARE UK (NO.3) LIMITED,8270754,"2,675,955",FALSE,TRUE,FALSE
295,BESTWAY WHOLESALE HOLDINGS LIMITED,13062593,"2,659,995",FALSE,TRUE,FALSE
296,TRONOX HOLDINGS PLC,11653089,"2,638,889",FALSE,TRUE,FALSE
297,ACCENTURE (UK) LIMITED,4757301,"2,611,769",FALSE,TRUE,FALSE
298,BOPARAN HOLDINGS LIMITED,3558065,"2,609,500",FALSE,TRUE,TRUE
299,BOPARAN HOLDCO LIMITED,7495915,"2,609,500",FALSE,TRUE,TRUE
300,BRAKE BROS LIMITED,2035315,"2,602,000",FALSE,TRUE,FALSE
301,PRAX LINDSEY OIL REFINERY LIMITED,564599,"3,024,356",FALSE,TRUE,FALSE
302,NIELSEN HOLDINGS LIMITED,9422989,"2,585,697",FALSE,TRUE,FALSE
303,CERTAS ENERGY UK LIMITED,4168225,"2,583,202",FALSE,TRUE,FALSE
304,CITIGROUP GLOBAL MARKETS LIMITED,1763297,"2,583,000",FALSE,TRUE,FALSE
305,HARBOUR ENERGY PLC,SC234781,"2,570,035",FALSE,TRUE,FALSE
306,MITIE GROUP PLC,SC019230,"2,559,500",FALSE,TRUE,FALSE
307,VERTU MOTORS PLC,5984855,"2,547,665",FALSE,TRUE,FALSE
308,VODAFONE GROUP SERVICES LIMITED,3802001,"2,543,830",FALSE,TRUE,FALSE
309,CHEVRON PRODUCTS UK LIMITED,3600726,"2,542,252",FALSE,TRUE,FALSE
310,JUST RETIREMENT LIMITED,5017193,"2,538,200",FALSE,TRUE,FALSE
311,JUST GROUP PLC,8568957,"2,538,100",FALSE,TRUE,FALSE
312,AVIVA INSURANCE LIMITED,SC002116,"2,521,000",FALSE,TRUE,FALSE
313,AVIVA CENTRAL SERVICES UK LIMITED,3259447,"2,516,000",FALSE,TRUE,FALSE
314,CZARNIKOW GROUP LIMITED,2650590,"2,512,429",FALSE,TRUE,FALSE
315,OCADO GROUP PLC,7098618,"2,498,300",FALSE,TRUE,FALSE
316,CHIQUITA HOLDINGS LIMITED,9176675,"2,495,359",FALSE,TRUE,FALSE
317,ARLA FOODS LIMITED,2143253,"2,493,835",FALSE,TRUE,FALSE
318,TUPRAS TRADING LTD,12413758,"2,488,915",FALSE,TRUE,FALSE
320,TI FLUID SYSTEMS PLC,9402231,"2,484,955",FALSE,TRUE,FALSE
321,BP INTERNATIONAL LIMITED,542515,"2,477,098",FALSE,TRUE,FALSE
322,BEAZLEY PLC,9763575,"2,472,148",FALSE,TRUE,FALSE
323,SCC EMEA LIMITED,4279856,"2,464,768",FALSE,TRUE,FALSE
324,KPMG LLP,OC301540,"2,433,000",FALSE,TRUE,FALSE
325,SPARTA I INTERNATIONAL LIMITED,11543520,"2,430,425",FALSE,TRUE,FALSE
326,TRAVIS PERKINS TRADING COMPANY LIMITED,733503,"2,415,400",FALSE,TRUE,FALSE
327,NISA RETAIL LIMITED,980790,"1,607,561",FALSE,FALSE,FALSE
328,SMITHS GROUP PLC,137013,"2,406,000",FALSE,TRUE,FALSE
329,BENTLEY MOTORS LIMITED,992897,"2,392,800",FALSE,TRUE,FALSE
330,GENPACT (UK) LIMITED,4217635,"2,385,607",FALSE,TRUE,FALSE
331,INTERNATIONAL GAME TECHNOLOGY PLC,9127533,"2,373,522",FALSE,TRUE,FALSE
332,SUPPLY CHAIN COORDINATION LIMITED,10881715,"2,366,695",FALSE,TRUE,FALSE
333,VISTRY GROUP PLC,306718,"2,359,042",FALSE,TRUE,FALSE
334,EASYJET AIRLINE COMPANY LIMITED,3034606,"2,344,000",FALSE,TRUE,FALSE
335,PRIMARK STORES LIMITED,453448,"2,338,007",FALSE,TRUE,FALSE
336,SHOP DIRECT HOLDINGS LIMITED,5059352,"2,333,000",FALSE,TRUE,FALSE
337,EXERTIS (UK) LTD,1511931,"2,330,824",FALSE,TRUE,FALSE
338,SYNTHOMER PLC,98381,"2,329,500",FALSE,TRUE,FALSE
339,AMEY UK LIMITED,4736639,"2,328,293",FALSE,TRUE,FALSE
340,THE VERY GROUP LIMITED,4730752,"2,317,100",FALSE,TRUE,FALSE
341,VAUXHALL MOTORS LIMITED,135767,"2,316,100",FALSE,TRUE,FALSE
342,C. CZARNIKOW LIMITED,3215084,"2,314,753",FALSE,TRUE,FALSE
343,HUTCHISON 3G UK LIMITED,3885486,"2,311,396",FALSE,TRUE,FALSE
344,OVO (S) ELECTRICITY LIMITED,4094263,"2,300,400",FALSE,TRUE,FALSE
345,SIG PLC,998314,"2,291,400",FALSE,TRUE,FALSE
346,COCA-COLA EUROPACIFIC PARTNERS GREAT BRITAIN LIMITED,27173,"2,283,445",FALSE,TRUE,FALSE
347,OCADO RETAIL LIMITED,3875000,"2,283,300",FALSE,TRUE,FALSE
348,TJX UK,3094828,"2,278,400",FALSE,TRUE,FALSE
349,TD SYNNEX UK LIMITED,1691472,"2,276,883",FALSE,TRUE,FALSE
350,SEFE LNG LIMITED,6680034,"2,267,518",FALSE,TRUE,FALSE
351,ISG LIMITED,10081578,"2,263,700",FALSE,TRUE,FALSE
352,OCTOPUS CAPITAL LIMITED,3981143,"2,263,108",FALSE,TRUE,FALSE
353,IMPELLAM GROUP PLC,6511961,"2,262,400",FALSE,TRUE,FALSE
354,GOOGLE UK LIMITED,3977902,"3,391,551",FALSE,TRUE,FALSE
355,SAINT-GOBAIN BUILDING DISTRIBUTION LIMITED,1647362,"2,260,146",FALSE,TRUE,FALSE
356,STATE OIL LIMITED,4112423,"2,252,851",FALSE,TRUE,FALSE
357,TOYOTA(G.B.) PLC,916634,"2,249,400",FALSE,TRUE,FALSE
358,IWG PLC,#0078602,"2,227,900",FALSE,TRUE,FALSE
359,KELLER GROUP PLC,2442580,"2,224,400",FALSE,TRUE,FALSE
360,INEOS ENTERPRISES HOLDINGS LIMITED,9328837,"2,214,322",FALSE,TRUE,FALSE
361,PETCO TRADING (UK) LIMITED,6695912,"2,211,492",FALSE,TRUE,FALSE
362,BUPA INSURANCE LIMITED,3956433,"2,208,489",FALSE,TRUE,FALSE
363,RUBIX LIMITED,10485684,"2,207,766",FALSE,TRUE,FALSE
364,RADIUS PAYMENT SOLUTIONS LIMITED,8260702,"2,203,900",FALSE,TRUE,FALSE
365,THE BERKELEY GROUP HOLDINGS PLC,5172586,"2,202,200",FALSE,TRUE,FALSE
366,THG PLC,6539496,"2,179,910",FALSE,TRUE,TRUE
367,THG OPERATIONS HOLDINGS LIMITED,12242084,"2,179,910",FALSE,TRUE,TRUE
368,NATIONAL EXPRESS GROUP PLC,2590560,"2,170,300",FALSE,TRUE,FALSE
369,IPG HOLDINGS (UK) LIMITED,2353279,"2,168,128",FALSE,TRUE,FALSE
371,INTERCONTINENTAL HOTELS GROUP PLC,5134420,"2,148,000",FALSE,TRUE,FALSE
372,SAVILLS PLC,2122174,"2,147,000",FALSE,TRUE,FALSE
373,LEX AUTOLEASE LIMITED,1090741,"2,143,492",FALSE,TRUE,FALSE
374,IQVIA LTD.,3022416,"2,139,116",FALSE,TRUE,FALSE
375,TARMAC TRADING LIMITED,453791,"2,136,200",FALSE,TRUE,FALSE
376,NATIONAL GRID ELECTRICITY SYSTEM OPERATOR LIMITED,11014226,"2,127,000",FALSE,TRUE,FALSE
377,PFIZER LIMITED,526209,"2,122,498",FALSE,TRUE,FALSE
378,MICRO FOCUS INTERNATIONAL PLC,5134647,"2,117,797",FALSE,TRUE,FALSE
379,TOYOTA MOTOR MANUFACTURING (UK) LIMITED,2352348,"2,114,197",FALSE,TRUE,FALSE
380,SERCO LIMITED,242246,"2,111,200",FALSE,TRUE,FALSE
381,THE SHELL COMPANY OF THAILAND LIMITED,130588,"2,110,975",FALSE,TRUE,FALSE
382,KEMBLE WATER HOLDINGS LIMITED,5819262,"2,108,500",FALSE,TRUE,FALSE
383,KEMBLE WATER FINANCE LIMITED,5819317,"2,106,800",FALSE,TRUE,FALSE
384,THAMES WATER UTILITIES LIMITED,2366661,"2,106,700",FALSE,TRUE,FALSE
385,HOWDEN JOINERY GROUP PLC,2128710,"2,093,700",FALSE,TRUE,FALSE
386,CENTRICA ENERGY MARKETING LIMITED,8807923,"2,080,500",FALSE,TRUE,FALSE
387,HINDUJA AUTOMOTIVE LIMITED,159177,"2,080,413",FALSE,TRUE,FALSE
388,VPI HOLDING LIMITED,8484743,"2,079,700",FALSE,TRUE,FALSE
389,SELLAFIELD LIMITED,1002607,"2,076,000",FALSE,TRUE,FALSE
390,CADENT GAS LIMITED,10080864,"2,075,000",FALSE,TRUE,FALSE
391,QUADGAS HOLDCO LIMITED,10614254,"2,074,000",FALSE,TRUE,TRUE
392,QUADGAS MIDCO LIMITED,10615396,"2,074,000",FALSE,TRUE,TRUE
393,LORCA JVCO LIMITED,12497729,"2,071,793",FALSE,TRUE,FALSE
394,HOWDEN JOINERY LIMITED,526923,"2,057,531",FALSE,TRUE,FALSE
395,KAZ MINERALS LIMITED,5180783,"2,056,738",FALSE,TRUE,FALSE
396,AXA INSURANCE UK PLC,78950,"2,053,000",FALSE,TRUE,FALSE
397,PRICEWATERHOUSECOOPERS SERVICES LIMITED,728502,"2,049,904",FALSE,TRUE,FALSE
398,GATES INDUSTRIAL CORPORATION PLC,10980824,"2,044,207",FALSE,TRUE,FALSE
399,CUMMINS LTD.,573951,"2,038,158",FALSE,TRUE,FALSE
400,CLYDESDALE BANK PLC,SC001111,"2,037,000",FALSE,TRUE,FALSE
401,SCREWFIX DIRECT LIMITED,3006378,"2,029,900",FALSE,TRUE,FALSE
402,SPECIALITY CHEMICALS INTERNATIONAL LIMITED,10143073,"2,014,075",FALSE,TRUE,FALSE
403,OCEAN PARTNERS UK LIMITED,5171451,"2,013,452",FALSE,TRUE,FALSE
404,UNIVERSAL STUDIOS LIMITED,9074960,"2,010,934",FALSE,TRUE,FALSE
405,OCTOPUS ENERGY GROUP LIMITED,9718624,"2,008,800",FALSE,TRUE,FALSE
406,PLADIS FOODS LIMITED,9295357,"2,007,800",FALSE,TRUE,FALSE
407,LEONARDO UK LTD,2426132,"2,006,836",FALSE,TRUE,FALSE
408,RS GROUP PLC,647788,"2,002,700",FALSE,TRUE,FALSE
409,BLACKROCK INVESTMENT MANAGEMENT (UK) LIMITED,2020394,"2,001,671",FALSE,TRUE,FALSE
410,FRESNILLO PLC,6344120,"1,996,967",FALSE,TRUE,FALSE
411,MULLER UK & IRELAND GROUP LLP,OC384928,"1,993,443",FALSE,TRUE,FALSE
412,GLAXOSMITHKLINE INTELLECTUAL PROPERTY LIMITED,8283186,"1,976,546",FALSE,TRUE,FALSE
413,TATA STEEL UK LIMITED,2280000,"1,976,000",FALSE,TRUE,FALSE
414,NATIONAL GRID ELECTRICITY TRANSMISSION PLC,2366977,"1,975,000",FALSE,TRUE,FALSE
415,EY GLOBAL SERVICES LIMITED,5483856,"1,974,272",FALSE,TRUE,FALSE
416,COMPUTACENTER (UK) LIMITED,1584718,"1,971,300",FALSE,TRUE,FALSE
417,BEAZLEY UNDERWRITING LIMITED,4538873,"1,966,161",FALSE,TRUE,FALSE
418,SSE ENERGY SUPPLY LIMITED,3757502,"1,961,500",FALSE,TRUE,FALSE
419,IKEA LIMITED,1986283,"1,954,720",FALSE,TRUE,FALSE
420,GROUP 1 AUTOMOTIVE UK LIMITED,6099813,"1,951,354",FALSE,TRUE,FALSE
421,BLOOR INVESTMENTS LIMITED,8111028,"1,943,908",FALSE,TRUE,FALSE
422,REDROW HOMES LIMITED,1990710,"1,939,900",FALSE,TRUE,FALSE
423,REDROW PLC,2877315,"1,939,000",FALSE,TRUE,FALSE
424,SEFE ENERGY LIMITED,3904624,"1,935,630",FALSE,TRUE,FALSE
425,NEPTUNE ENERGY GROUP LIMITED,10647707,"1,934,619",FALSE,TRUE,TRUE
426,NEPTUNE ENERGY GROUP HOLDINGS LIMITED,10647966,"1,934,619",FALSE,TRUE,TRUE
427,WEIR GROUP PLC(THE),SC002934,"1,933,600",FALSE,TRUE,FALSE
428,MACE LIMITED,2410626,"1,933,017",FALSE,TRUE,TRUE
429,MACE FINANCE LIMITED,8057308,"1,933,017",FALSE,TRUE,TRUE
430,3I GROUP PLC,1142830,"1,931,000",FALSE,TRUE,FALSE
431,OPET INTERNATIONAL LIMITED,3155798,"1,930,414",FALSE,TRUE,FALSE
432,NESTLE UK LTD.,51491,"1,926,450",FALSE,TRUE,FALSE
433,BLOOR HOLDINGS LIMITED,2080245,"1,921,284",FALSE,TRUE,FALSE
434,SALESFORCE UK LIMITED,5094083,"1,921,067",FALSE,TRUE,FALSE
435,NPOWER COMMERCIAL GAS LIMITED,3768856,"1,905,970",FALSE,TRUE,FALSE
436,PUMA ENERGY (UK) LIMITED,9156625,"1,904,524",FALSE,TRUE,FALSE
437,SQUARE INTERNATIONAL HOLDING UK LTD,12070926,"1,903,907",FALSE,TRUE,FALSE
438,PETREDEC (EUROPE) LIMITED,9605998,"1,899,548",FALSE,TRUE,FALSE
439,CRANSWICK PLC,1074383,"1,898,400",FALSE,TRUE,FALSE
440,OCTOPUS ENERGY LIMITED,9263424,"1,897,404",FALSE,TRUE,FALSE
441,SPORTSDIRECT.COM RETAIL LIMITED,3406347,"1,897,160",FALSE,TRUE,FALSE
442,FACEBOOK UK LTD,6331310,"1,893,640",FALSE,TRUE,FALSE
443,TESCO DISTRIBUTION LIMITED,2972724,"1,890,510",FALSE,TRUE,FALSE
444,CRODA INTERNATIONAL PUBLIC LIMITED COMPANY,206132,"1,889,600",FALSE,TRUE,FALSE
445,HIKMA PHARMACEUTICALS PUBLIC LIMITED COMPANY,5557934,"1,886,000",FALSE,TRUE,FALSE
446,MONDELEZ UK LIMITED,203663,"1,885,739",FALSE,TRUE,FALSE
447,KAZ MINERALS SALES LIMITED,6322809,"1,884,604",FALSE,TRUE,FALSE
448,HP INC UK LIMITED,9408979,"1,877,118",FALSE,TRUE,FALSE
449,KUEHNE + NAGEL LIMITED,1722216,"1,875,240",FALSE,TRUE,FALSE
450,RAIZEN TRADING LLP,OC364546,"1,874,016",FALSE,TRUE,FALSE
451,BAKKAVOR GROUP PLC,10986940,"1,871,600",FALSE,TRUE,FALSE
452,HYUNDAI MOTOR UK LIMITED,5446560,"1,866,299",FALSE,TRUE,FALSE
453,IMI PLC,714275,"1,866,000",FALSE,TRUE,FALSE
454,FUJITSU SERVICES HOLDINGS PLC,142200,"1,864,100",FALSE,TRUE,FALSE
455,FERREXPO PLC,5432915,"1,860,395",FALSE,TRUE,FALSE
456,UNILEVER UK LIMITED,334527,"1,854,811",FALSE,TRUE,FALSE
457,"QUALCOMM TECHNOLOGIES INTERNATIONAL, LTD.",3665875,"1,853,228",FALSE,TRUE,FALSE
458,THE SAGE GROUP PLC.,2231246,"1,846,000",FALSE,TRUE,FALSE
459,SHOP DIRECT HOME SHOPPING LIMITED,4663281,"1,845,000",FALSE,TRUE,FALSE
460,NEPTUNE ENERGY GROUP MIDCO LIMITED,10684661,"1,839,613",FALSE,TRUE,FALSE
461,BALL BEVERAGE PACKAGING EUROPE LIMITED,2554348,"1,838,937",FALSE,TRUE,FALSE
462,TRANSPORT TRADING LIMITED,3914810,"1,836,100",FALSE,TRUE,FALSE
463,COBHAM GROUP LIMITED,12110586,"1,831,690",FALSE,TRUE,FALSE
464,CLIFFORD CHANCE LLP,OC323571,"1,828,000",FALSE,TRUE,FALSE
465,SEVERN TRENT PLC,2366619,"1,827,200",FALSE,TRUE,FALSE
466,DELIVEROO PLC,13227665,"1,824,400",FALSE,TRUE,FALSE
467,DIAGEO SCOTLAND LIMITED,SC000750,"1,814,000",FALSE,TRUE,FALSE
468,FORD RETAIL LIMITED,191596,"1,813,596",FALSE,TRUE,FALSE
469,UNITED UTILITIES PLC,2366616,"1,808,000",FALSE,TRUE,TRUE
470,UNITED UTILITIES GROUP PLC,6559020,"1,808,000",FALSE,TRUE,TRUE
471,ANGLO AMERICAN INVESTMENTS (UK) LIMITED,2345060,"1,807,789",FALSE,TRUE,FALSE
472,WOLSELEY GROUP HOLDINGS LIMITED,13134776,"902,600",FALSE,FALSE,FALSE
473,PEUGEOT MOTOR COMPANY PLC,148545,"1,802,648",FALSE,TRUE,FALSE
474,OPENREACH LIMITED,10690039,"1,799,462",FALSE,TRUE,FALSE
475,INFORMA PLC,8860726,"1,798,700",FALSE,TRUE,FALSE
476,UNITED UTILITIES WATER LIMITED,2366678,"1,797,600",FALSE,TRUE,FALSE
477,SK ENERGY EUROPE LIMITED,4138778,"1,797,204",FALSE,TRUE,FALSE
478,REFINITIV LIMITED,145516,"1,789,000",FALSE,TRUE,FALSE
479,MOTT MACDONALD GROUP LIMITED,1110949,"1,781,800",FALSE,TRUE,FALSE
480,HORNSEA 1 LIMITED,7640868,"1,777,596",FALSE,TRUE,FALSE
481,ORACLE CORPORATION UK LIMITED,1782505,"1,776,853",FALSE,TRUE,FALSE
482,CAPGEMINI UK PLC,943935,"1,776,475",FALSE,TRUE,FALSE
483,DB GROUP SERVICES (UK) LIMITED,3077349,"1,774,000",FALSE,TRUE,FALSE
484,VENATOR MATERIALS PLC,10747130,"1,773,828",FALSE,TRUE,FALSE
485,INEOS SALES (UK) LIMITED,7445505,"1,772,185",FALSE,TRUE,FALSE
486,IVC ACQUISITION PIKCO LTD,10510800,"1,771,186",FALSE,TRUE,TRUE
487,IVC ACQUISITION MIDCO LTD,10510862,"1,771,186",FALSE,TRUE,TRUE
488,ALLEN & OVERY LLP,OC306763,"1,770,800",FALSE,TRUE,FALSE
489,LLOYDS PHARMACY LIMITED,758153,"1,761,570",FALSE,TRUE,FALSE
490,MICRON EUROPE LIMITED,2341071,"1,760,437",FALSE,TRUE,FALSE
491,KIA UK LIMITED,4415807,"1,760,429",FALSE,TRUE,FALSE
492,UK POWER NETWORKS HOLDINGS LIMITED,7290590,"1,760,000",FALSE,TRUE,FALSE
493,MCD GLOBAL FRANCHISING LIMITED,10332564,"1,758,337",FALSE,TRUE,FALSE
494,GOVIA THAMESLINK RAILWAY LIMITED,7934306,"1,758,149",FALSE,TRUE,FALSE
495,FINANCIAL & RISK ORGANISATION LIMITED,11273377,"1,757,846",FALSE,TRUE,FALSE
496,TOTALENERGIES E&P UK LIMITED,811900,"1,756,006",FALSE,TRUE,FALSE
497,EVRAZ NORTH AMERICA PLC,8311287,"1,755,477",FALSE,TRUE,FALSE
498,NATIONAL FARMERS UNION MUTUAL INSURANCE SOCIETY LIMITED(THE),111982,"1,755,000",FALSE,TRUE,FALSE
499,B.B. ENERGY TRADING LIMITED,4511776,"1,743,621",FALSE,TRUE,FALSE
500,HOLBUD GROUP LIMITED,8743631,"1,742,349",FALSE,TRUE,FALSE
501,HOLBUD LIMITED,1328840,"1,737,560",FALSE,TRUE,FALSE
502,BIFM UK HOLDINGS LIMITED,11859567,"1,725,064",FALSE,TRUE,FALSE
503,GSR RESOURCES UK LIMITED,12710219,"1,719,395",FALSE,TRUE,FALSE
504,ARUP GROUP LIMITED,1312454,"1,717,100",FALSE,TRUE,FALSE
505,MORGAN STANLEY UK LIMITED,4071123,"1,715,027",FALSE,TRUE,FALSE
506,ERNST & YOUNG (EMEIA) SERVICES LIMITED,6613918,"1,713,961",FALSE,TRUE,FALSE
507,SEVERN TRENT WATER LIMITED,2366686,"1,699,500",FALSE,TRUE,FALSE
508,DRAX ENERGY SOLUTIONS LIMITED,5893966,"1,694,521",FALSE,TRUE,FALSE
509,M&G GROUP REGULATED ENTITY HOLDING COMPANY LIMITED,5996736,"1,692,000",FALSE,TRUE,FALSE
510,ROYALTY PHARMA PLC,12446913,"1,691,388",FALSE,TRUE,FALSE
511,RIVERSTONE CORPORATE CAPITAL LIMITED,3655017,"1,688,760",FALSE,TRUE,FALSE
512,BAE SYSTEMS MARINE LIMITED,229770,"1,688,511",FALSE,TRUE,FALSE
513,SIGNATURE AVIATION LIMITED,53688,"1,688,387",FALSE,TRUE,FALSE
514,ABRDN PLC,SC286832,"1,685,000",FALSE,TRUE,FALSE
515,ILLUMINA CAMBRIDGE LIMITED,3625145,"1,679,064",FALSE,TRUE,FALSE
516,EXXONMOBIL MARINE LIMITED,3898950,"1,675,762",FALSE,TRUE,FALSE
517,NATIONAL GRID ELECTRICITY DISTRIBUTION PLC,9223384,"1,671,200",FALSE,TRUE,FALSE
518,YAZAKI EUROPE LIMITED,1490660,"1,666,539",FALSE,TRUE,FALSE
519,LOOKERS MOTOR GROUP LIMITED,143470,"1,662,976",FALSE,TRUE,FALSE
520,AO WORLD PLC,5525751,"1,660,900",FALSE,TRUE,FALSE
521,WOLSELEY UK LIMITED,636445,"1,660,830",FALSE,TRUE,FALSE
522,EDF ENERGY NUCLEAR GENERATION LIMITED,3076445,"1,660,000",FALSE,TRUE,FALSE
523,LINKLATERS LLP,OC326345,"1,653,800",FALSE,TRUE,FALSE
524,SHELL INTERNATIONAL PETROLEUM COMPANY LIMITED,621148,"1,649,700",FALSE,TRUE,FALSE
525,PAGEGROUP PLC,3310225,"1,643,740",FALSE,FALSE,FALSE
526,VESUVIUS PLC,8217766,"1,642,900",FALSE,FALSE,FALSE
527,PRIVATE OIL HOLDINGS OMAN LIMITED,329973,"1,640,904",FALSE,FALSE,FALSE
528,FRESHFIELDS BRUCKHAUS DERINGER LLP,OC334789,"1,635,100",FALSE,FALSE,FALSE
529,SYTNER LIMITED,813696,"1,634,546",FALSE,FALSE,FALSE
530,BESTWAY WHOLESALE LIMITED,1207120,"1,627,876",FALSE,FALSE,FALSE
531,HALCYON TOPCO LIMITED,7672785,"2,305,478",FALSE,TRUE,FALSE
532,DFT OLR HOLDINGS LIMITED,7141122,"1,621,098",FALSE,FALSE,FALSE
533,REASSURE MIDCO LIMITED,2970583,"1,620,900",FALSE,FALSE,FALSE
534,TESLA MOTORS LIMITED,4384008,"1,620,633",FALSE,FALSE,FALSE
535,CANADA LIFE LIMITED,973271,"1,614,500",FALSE,FALSE,FALSE
536,ELEMENT UK TOPCO LIMITED,10664545,"1,604,900",FALSE,FALSE,FALSE
537,AMAZON ONLINE UK LIMITED,8725411,"1,601,963",FALSE,FALSE,FALSE
538,BAKKAVOR FOODS LIMITED,1060806,"1,592,425",FALSE,FALSE,FALSE
539,GLAXOSMITHKLINE INTELLECTUAL PROPERTY DEVELOPMENT LIMITED,8283222,"1,590,336",FALSE,FALSE,FALSE
540,CONTOURGLOBAL LIMITED,10982736,"1,589,761",FALSE,FALSE,FALSE
541,LANCASTER PUBLIC LIMITED COMPANY,1538570,"1,585,959",FALSE,FALSE,TRUE
542,JARDINE MOTORS GROUP UK LIMITED,2470318,"1,585,959",FALSE,FALSE,TRUE
543,MOY PARK HOLDINGS (EUROPE) LIMITED,NI070325,"1,577,952",FALSE,FALSE,FALSE
544,BP EXPLORATION (AZERBAIJAN) LIMITED,2160234,"1,571,165",FALSE,FALSE,FALSE
545,ROTHESAY LIFE PLC,6127279,"1,569,000",FALSE,FALSE,TRUE
546,ROTHESAY LIMITED,8668809,"1,569,000",FALSE,FALSE,TRUE
547,PRINCES LIMITED,2328824,"1,558,575",FALSE,FALSE,FALSE
548,VISTRY HOMES LIMITED,397634,"1,556,526",FALSE,FALSE,FALSE
549,AXA PPP HEALTHCARE LIMITED,3148119,"1,553,000",FALSE,FALSE,FALSE
550,E.ON UK PLC,2366970,"1,552,000",FALSE,FALSE,FALSE
551,ADMIRAL GROUP PLC,3849958,"1,550,000",FALSE,FALSE,FALSE
552,DHL INTERNATIONAL (UK) LIMITED,1184988,"1,549,071",FALSE,FALSE,FALSE
553,DELOITTE GLOBAL SERVICES HOLDINGS LIMITED,7249312,"1,546,580",FALSE,FALSE,TRUE
554,DELOITTE GLOBAL SERVICES LIMITED,7249753,"1,546,580",FALSE,FALSE,TRUE
555,POUNDLAND LIMITED,2495645,"1,544,694",FALSE,FALSE,FALSE
556,BIFM UK INTERMEDIATE LIMITED,11860021,"1,544,512",FALSE,FALSE,FALSE
557,MOY PARK LIMITED,NI004842,"1,529,114",FALSE,FALSE,FALSE
558,WATES GROUP LIMITED,1824828,"1,522,251",FALSE,FALSE,FALSE
559,LAING O'ROURKE PLC.,4222545,"1,515,400",FALSE,FALSE,FALSE
560,ATLASSIAN CORPORATION LIMITED,8776021,"1,513,096",FALSE,FALSE,FALSE
561,PTT INTERNATIONAL TRADING LONDON LTD,10443326,"1,511,748",FALSE,FALSE,FALSE
562,CONVATEC GROUP PLC,10361298,"1,505,836",FALSE,FALSE,FALSE
563,CHESNARA PLC,4947166,"1,505,696",FALSE,FALSE,FALSE
564,GXO LOGISTICS UK LIMITED,SC037270,"1,504,963",FALSE,FALSE,FALSE
565,MCDONALD'S RESTAURANTS LIMITED,1002769,"1,500,141",FALSE,FALSE,FALSE
566,TERRACE SP HOLDINGS LIMITED,4175692,"1,499,250",FALSE,FALSE,FALSE
567,ARM LIMITED,2557590,"1,497,914",FALSE,FALSE,FALSE
568,WATES CONSTRUCTION LIMITED,1977948,"1,495,697",FALSE,FALSE,FALSE
569,INGRAM MICRO (UK) LIMITED,1609968,"1,494,394",FALSE,FALSE,FALSE
570,MEGGITT PLC,432989,"1,489,200",FALSE,FALSE,FALSE
571,THE ARTS COUNCIL OF ENGLAND,CHA1036733,"1,488,655",FALSE,FALSE,FALSE
572,E D & F MAN SUGAR LIMITED,489204,"1,488,195",FALSE,FALSE,FALSE
573,DPDGROUP UK LTD,732993,"1,488,027",FALSE,FALSE,FALSE
574,EVANS HALSHAW LIMITED,1994002,"1,480,861",FALSE,FALSE,FALSE
575,RECKITT BENCKISER HEALTH LIMITED,11069293,"1,479,032",FALSE,FALSE,FALSE
576,BP EXPLORATION OPERATING COMPANY LIMITED,305943,"1,476,797",FALSE,FALSE,FALSE
577,TALKTALK TELECOM GROUP LIMITED,7105891,"1,353,000",FALSE,FALSE,FALSE
578,SKY TELECOMMUNICATIONS SERVICES LIMITED,2883980,"1,461,000",FALSE,FALSE,FALSE
579,EASYJET PLC,3959649,"1,458,000",FALSE,FALSE,FALSE
580,ZEBRA TECHNOLOGIES EUROPE LIMITED,2881068,"1,456,827",FALSE,FALSE,FALSE
581,KIER CONSTRUCTION LIMITED,2099533,"1,453,191",FALSE,FALSE,FALSE
582,HERMES PARCELNET LIMITED,3900782,"1,449,910",FALSE,FALSE,FALSE
583,NEO ENERGY HOLDING LIMITED,12201991,"1,449,416",FALSE,FALSE,FALSE
584,THE HUT.COM LIMITED,5016010,"1,448,705",FALSE,FALSE,FALSE
585,UNILEVER U.K. CENTRAL RESOURCES LIMITED,29140,"1,441,681",FALSE,FALSE,FALSE
586,RENEWI PLC,SC077438,"1,441,362",FALSE,FALSE,FALSE
587,"WORLD FUEL SERVICES EUROPE, LTD.",4846814,"1,440,981",FALSE,FALSE,FALSE
588,NES FIRCROFT LIMITED,12706788,"1,440,874",FALSE,FALSE,FALSE
589,CARNIVAL PLC,4039524,"1,440,000",FALSE,FALSE,FALSE
590,FRONTIER AGRICULTURE LIMITED,5288567,"1,438,303",FALSE,FALSE,FALSE
591,COMPASS CONTRACT SERVICES (U.K.) LIMITED,2114954,"1,435,774",FALSE,FALSE,FALSE
592,PRAX PETROLEUM LIMITED,4595500,"1,429,469",FALSE,FALSE,FALSE
593,PPD GLOBAL LTD,1564604,"1,426,060",FALSE,FALSE,FALSE
594,NISSAN MOTOR (GB) LIMITED,2514418,"1,421,281",FALSE,FALSE,FALSE
595,ASTELLAS PHARMA EUROPE LTD.,2486792,"1,419,696",FALSE,FALSE,FALSE
596,CITY FACILITIES MANAGEMENT HOLDINGS LIMITED,SC199503,"1,419,683",FALSE,FALSE,FALSE
597,WESTON IMPORTERS LTD.,SC302951,"1,418,169",FALSE,FALSE,FALSE
598,MORGAN SINDALL CONSTRUCTION & INFRASTRUCTURE LTD,4273754,"1,416,470",FALSE,FALSE,FALSE
599,EBAY (UK) LIMITED,3726028,"1,416,264",FALSE,FALSE,FALSE
600,EDMUNDSON ELECTRICAL LIMITED,2667012,"1,415,490",FALSE,FALSE,FALSE
